learning_rate,batch_size,optimizer,optimizer_name,optimizer_params,loss_function,loss_function_class,loss_function_params,metrics,epochs,activation_layers,pca_threshold,pca,pca_transform,n_splits,class_weights_enabled,outlier_dict,stratification_enabled,lr_schedule_enabled,lr_schedule_strategy,dropout_enabled,dropout_rate,early_stopping_metric,model,scaler,outlier_detection,avg_score,variance_score,avg_accuracy,avg_precision,avg_recall,avg_f1_score,avg_TP_accuracy,avg_TN_accuracy,avg_TP_TN_accuracy,confusion_matrix,validation_training_success,validation_training_improvement,validation_test_success,validation_test_improvement,validation_avg_train_test_improvement,validation_train_test_harmonic_mean,validation_train_test_geometric_mean,num_layers,iteration_number
0.001,128,"(<class 'keras.src.optimizers.adamax.Adamax'>, {'beta_1': 0.85, 'beta_2': 0.95, 'epsilon': 1e-08, 'learning_rate': 0.001})",<class 'keras.src.optimizers.adamax.Adamax'>,"{'beta_1': 0.85, 'beta_2': 0.95, 'epsilon': 1e-08, 'learning_rate': 0.001}","(<class 'keras.src.losses.Poisson'>, {'reduction': 'auto'})",<class 'keras.src.losses.Poisson'>,{'reduction': 'auto'},"[(<class 'keras.src.metrics.confusion_metrics.AUC'>, {}), (<class 'keras.src.metrics.accuracy_metrics.BinaryAccuracy'>, {}), (<class 'keras.src.metrics.confusion_metrics.Precision'>, {}), (<class 'keras.src.metrics.confusion_metrics.Recall'>, {}), (<class 'keras.src.metrics.confusion_metrics.TruePositives'>, {}), (<class 'keras.src.metrics.confusion_metrics.FalsePositives'>, {}), (<class 'keras.src.metrics.confusion_metrics.TrueNegatives'>, {}), (<class 'keras.src.metrics.confusion_metrics.FalseNegatives'>, {}), (<class 'keras.src.metrics.probabilistic_metrics.BinaryCrossentropy'>, {}), (<class 'tensorflow_addons.metrics.matthews_correlation_coefficient.MatthewsCorrelationCoefficient'>, {'num_classes': 2})]",200,"[{'nodes': 256, 'activation': 'relu', 'l2_reg': 0.01, 'l1_reg': 0.0001}]",,False,,3,False,"{'enabled': True, 'contamination': 0.05, 'remove_outliers': True}",False,True,"{'method': <function step_decay_70_10 at 0x000001381AE25280>, 'description': 'Step Decay 70% every 10 epochs'}",False,,val_loss,<keras.src.engine.sequential.Sequential object at 0x0000013807A79460>,StandardScaler(),IsolationForest(contamination=0.05),"[  2.4711283    0.8544143    0.80775195   0.8342876    0.86690567
 117.33333333  23.33333333  56.33333333  18.           0.46323153
   0.        ]","[9.42250724e-04 6.07056930e-04 4.37473498e-04 1.98949255e-04
 4.52278175e-04 1.75555556e+01 5.55555556e+00 2.48888889e+01
 8.00000000e+00 5.98185252e-04 0.00000000e+00]",0.8077519379844961,0.7576493661889468,0.7058629253857536,0.7305671445798834,0.7576493661889468,0.8342876124206047,0.7959684893047758,"[[ 55  25]
 [ 22 113]]",0.8496124031007752,0.0437956204379562,0.7421383647798742,0.016949152542372878,0.03037238649016454,0.024439918533604884,0.0272451583128229,1,-1
0.001,128,"(<class 'keras.src.optimizers.adamax.Adamax'>, {'beta_1': 0.85, 'beta_2': 0.95, 'epsilon': 1e-08, 'learning_rate': 0.001})",<class 'keras.src.optimizers.adamax.Adamax'>,"{'beta_1': 0.85, 'beta_2': 0.95, 'epsilon': 1e-08, 'learning_rate': 0.001}","(<class 'keras.src.losses.Poisson'>, {'reduction': 'auto'})",<class 'keras.src.losses.Poisson'>,{'reduction': 'auto'},"[(<class 'keras.src.metrics.confusion_metrics.AUC'>, {}), (<class 'keras.src.metrics.accuracy_metrics.BinaryAccuracy'>, {}), (<class 'keras.src.metrics.confusion_metrics.Precision'>, {}), (<class 'keras.src.metrics.confusion_metrics.Recall'>, {}), (<class 'keras.src.metrics.confusion_metrics.TruePositives'>, {}), (<class 'keras.src.metrics.confusion_metrics.FalsePositives'>, {}), (<class 'keras.src.metrics.confusion_metrics.TrueNegatives'>, {}), (<class 'keras.src.metrics.confusion_metrics.FalseNegatives'>, {}), (<class 'keras.src.metrics.probabilistic_metrics.BinaryCrossentropy'>, {}), (<class 'tensorflow_addons.metrics.matthews_correlation_coefficient.MatthewsCorrelationCoefficient'>, {'num_classes': 2})]",200,"[{'nodes': 256, 'activation': 'relu', 'l2_reg': 0.01, 'l1_reg': 0.0001}]",,False,,3,False,"{'enabled': True, 'contamination': 0.05, 'remove_outliers': True}",False,True,"{'method': <function step_decay_70_10 at 0x000001381AE25280>, 'description': 'Step Decay 70% every 10 epochs'}",False,,val_loss,<keras.src.engine.sequential.Sequential object at 0x000001380B3F4790>,StandardScaler(),IsolationForest(contamination=0.05),"[  2.4699382    0.86125592   0.80155039   0.8314394    0.85948696
 116.33333333  23.66666667  56.          19.           0.44607737
   0.        ]","[6.71851117e-04 5.70528516e-04 9.13402712e-05 2.17611986e-04
 6.24015561e-05 1.08888889e+01 8.22222222e+00 2.46666667e+01
 6.66666667e-01 1.06295517e-03 0.00000000e+00]",0.8015503875968992,0.7459697946716443,0.701915556964701,0.7228352975808265,0.7459697946716443,0.8314393939393939,0.7887045943055191,"[[ 53  27]
 [ 18 117]]",0.8589147286821706,0.05415162454873643,0.7295597484276729,0.0,0.027075812274368213,0.0,0.0,1,-1
0.001,128,"(<class 'keras.src.optimizers.adamax.Adamax'>, {'beta_1': 0.85, 'beta_2': 0.95, 'epsilon': 1e-08, 'learning_rate': 0.001})",<class 'keras.src.optimizers.adamax.Adamax'>,"{'beta_1': 0.85, 'beta_2': 0.95, 'epsilon': 1e-08, 'learning_rate': 0.001}","(<class 'keras.src.losses.Poisson'>, {'reduction': 'auto'})",<class 'keras.src.losses.Poisson'>,{'reduction': 'auto'},"[(<class 'keras.src.metrics.confusion_metrics.AUC'>, {}), (<class 'keras.src.metrics.accuracy_metrics.BinaryAccuracy'>, {}), (<class 'keras.src.metrics.confusion_metrics.Precision'>, {}), (<class 'keras.src.metrics.confusion_metrics.Recall'>, {}), (<class 'keras.src.metrics.confusion_metrics.TruePositives'>, {}), (<class 'keras.src.metrics.confusion_metrics.FalsePositives'>, {}), (<class 'keras.src.metrics.confusion_metrics.TrueNegatives'>, {}), (<class 'keras.src.metrics.confusion_metrics.FalseNegatives'>, {}), (<class 'keras.src.metrics.probabilistic_metrics.BinaryCrossentropy'>, {}), (<class 'tensorflow_addons.metrics.matthews_correlation_coefficient.MatthewsCorrelationCoefficient'>, {'num_classes': 2})]",200,"[{'nodes': 256, 'activation': 'relu', 'l2_reg': 0.01, 'l1_reg': 0.0001}]",,False,,3,False,"{'enabled': True, 'contamination': 0.05, 'remove_outliers': True}",False,True,"{'method': <function step_decay_70_10 at 0x000001381AE25280>, 'description': 'Step Decay 70% every 10 epochs'}",False,,val_loss,<keras.src.engine.sequential.Sequential object at 0x000001380F0CDD60>,StandardScaler(),IsolationForest(contamination=0.05),"[  2.45243168   0.86474363   0.80775193   0.84176042   0.85701782
 116.          22.          57.66666667  19.33333333   0.45356965
   0.        ]","[1.53319985e-04 4.02600480e-04 3.07674308e-04 5.56422278e-04
 3.91393966e-05 1.06666667e+01 1.80000000e+01 4.62222222e+01
 2.22222222e-01 3.96092724e-04 0.00000000e+00]",0.807751937984496,0.7473098714478024,0.7219271824138659,0.7337170484632209,0.7473098714478024,0.8417604141191815,0.7945351427834919,"[[ 55  25]
 [ 19 116]]",0.8527131782945736,0.047272727272727175,0.7295597484276729,0.0,0.023636363636363587,0.0,0.0,1,-1
0.001,128,"(<class 'keras.src.optimizers.adamax.Adamax'>, {'beta_1': 0.85, 'beta_2': 0.95, 'epsilon': 1e-08, 'learning_rate': 0.001})",<class 'keras.src.optimizers.adamax.Adamax'>,"{'beta_1': 0.85, 'beta_2': 0.95, 'epsilon': 1e-08, 'learning_rate': 0.001}","(<class 'keras.src.losses.Poisson'>, {'reduction': 'auto'})",<class 'keras.src.losses.Poisson'>,{'reduction': 'auto'},"[(<class 'keras.src.metrics.confusion_metrics.AUC'>, {}), (<class 'keras.src.metrics.accuracy_metrics.BinaryAccuracy'>, {}), (<class 'keras.src.metrics.confusion_metrics.Precision'>, {}), (<class 'keras.src.metrics.confusion_metrics.Recall'>, {}), (<class 'keras.src.metrics.confusion_metrics.TruePositives'>, {}), (<class 'keras.src.metrics.confusion_metrics.FalsePositives'>, {}), (<class 'keras.src.metrics.confusion_metrics.TrueNegatives'>, {}), (<class 'keras.src.metrics.confusion_metrics.FalseNegatives'>, {}), (<class 'keras.src.metrics.probabilistic_metrics.BinaryCrossentropy'>, {}), (<class 'tensorflow_addons.metrics.matthews_correlation_coefficient.MatthewsCorrelationCoefficient'>, {'num_classes': 2})]",200,"[{'nodes': 256, 'activation': 'relu', 'l2_reg': 0.01, 'l1_reg': 0.0001}]",,False,,3,False,"{'enabled': True, 'contamination': 0.05, 'remove_outliers': True}",False,True,"{'method': <function step_decay_70_10 at 0x000001381AE25280>, 'description': 'Step Decay 70% every 10 epochs'}",False,,val_loss,<keras.src.engine.sequential.Sequential object at 0x0000013822354C70>,StandardScaler(),IsolationForest(contamination=0.05),"[  2.43913245   0.8609998    0.80620156   0.82618348   0.87696548
 118.66666667  25.          54.66666667  16.66666667   0.45086037
   0.        ]","[8.92960131e-04 4.19359625e-04 3.50940623e-04 1.39600899e-04
 2.00720044e-04 6.22222222e+00 4.66666667e+00 2.42222222e+01
 4.22222222e+00 4.40021746e-04 0.00000000e+00]",0.8062015503875969,0.7651612010516119,0.6848922003804692,0.7227250322485922,0.7651612010516119,0.826183499205524,0.795672350128568,"[[ 54  26]
 [ 19 116]]",0.8527131782945736,0.047272727272727175,0.7295597484276729,0.0,0.023636363636363587,0.0,0.0,1,-1
0.001,128,"(<class 'keras.src.optimizers.adamax.Adamax'>, {'beta_1': 0.85, 'beta_2': 0.95, 'epsilon': 1e-08, 'learning_rate': 0.001})",<class 'keras.src.optimizers.adamax.Adamax'>,"{'beta_1': 0.85, 'beta_2': 0.95, 'epsilon': 1e-08, 'learning_rate': 0.001}","(<class 'keras.src.losses.Poisson'>, {'reduction': 'auto'})",<class 'keras.src.losses.Poisson'>,{'reduction': 'auto'},"[(<class 'keras.src.metrics.confusion_metrics.AUC'>, {}), (<class 'keras.src.metrics.accuracy_metrics.BinaryAccuracy'>, {}), (<class 'keras.src.metrics.confusion_metrics.Precision'>, {}), (<class 'keras.src.metrics.confusion_metrics.Recall'>, {}), (<class 'keras.src.metrics.confusion_metrics.TruePositives'>, {}), (<class 'keras.src.metrics.confusion_metrics.FalsePositives'>, {}), (<class 'keras.src.metrics.confusion_metrics.TrueNegatives'>, {}), (<class 'keras.src.metrics.confusion_metrics.FalseNegatives'>, {}), (<class 'keras.src.metrics.probabilistic_metrics.BinaryCrossentropy'>, {}), (<class 'tensorflow_addons.metrics.matthews_correlation_coefficient.MatthewsCorrelationCoefficient'>, {'num_classes': 2})]",200,"[{'nodes': 256, 'activation': 'relu', 'l2_reg': 0.01, 'l1_reg': 0.0001}]",,False,,3,False,"{'enabled': True, 'contamination': 0.05, 'remove_outliers': True}",False,True,"{'method': <function step_decay_70_10 at 0x000001381AE25280>, 'description': 'Step Decay 70% every 10 epochs'}",False,,val_loss,<keras.src.engine.sequential.Sequential object at 0x000001380D682610>,StandardScaler(),IsolationForest(contamination=0.05),"[  2.42866651   0.86057923   0.80620156   0.83252013   0.86726095
 117.33333333  23.66666667  56.          18.           0.44429506
   0.        ]","[8.06993789e-04 3.48466496e-04 3.79785182e-04 2.13982091e-04
 1.71882380e-04 8.88888889e-01 6.88888889e+00 2.60000000e+01
 4.66666667e+00 3.47233136e-04 0.00000000e+00]",0.8062015503875969,0.755455022681801,0.7016962587190868,0.727399585015479,0.755455022681801,0.8325201486966192,0.79398758568921,"[[ 54  26]
 [ 17 118]]",0.8573643410852713,0.05244122965641942,0.7169811320754716,-0.017543859649122803,0.01744868500364831,-0.052727272727272755,,1,-1
0.001,128,"(<class 'keras.src.optimizers.adamax.Adamax'>, {'beta_1': 0.85, 'beta_2': 0.95, 'epsilon': 1e-08, 'learning_rate': 0.001})",<class 'keras.src.optimizers.adamax.Adamax'>,"{'beta_1': 0.85, 'beta_2': 0.95, 'epsilon': 1e-08, 'learning_rate': 0.001}","(<class 'keras.src.losses.Poisson'>, {'reduction': 'auto'})",<class 'keras.src.losses.Poisson'>,{'reduction': 'auto'},"[(<class 'keras.src.metrics.confusion_metrics.AUC'>, {}), (<class 'keras.src.metrics.accuracy_metrics.BinaryAccuracy'>, {}), (<class 'keras.src.metrics.confusion_metrics.Precision'>, {}), (<class 'keras.src.metrics.confusion_metrics.Recall'>, {}), (<class 'keras.src.metrics.confusion_metrics.TruePositives'>, {}), (<class 'keras.src.metrics.confusion_metrics.FalsePositives'>, {}), (<class 'keras.src.metrics.confusion_metrics.TrueNegatives'>, {}), (<class 'keras.src.metrics.confusion_metrics.FalseNegatives'>, {}), (<class 'keras.src.metrics.probabilistic_metrics.BinaryCrossentropy'>, {}), (<class 'tensorflow_addons.metrics.matthews_correlation_coefficient.MatthewsCorrelationCoefficient'>, {'num_classes': 2})]",200,"[{'nodes': 256, 'activation': 'relu', 'l2_reg': 0.01, 'l1_reg': 0.0001}]",,False,,3,False,"{'enabled': True, 'contamination': 0.05, 'remove_outliers': True}",False,True,"{'method': <function step_decay_70_10 at 0x000001381AE25280>, 'description': 'Step Decay 70% every 10 epochs'}",False,,val_loss,<keras.src.engine.sequential.Sequential object at 0x0000013827CF26D0>,StandardScaler(),IsolationForest(contamination=0.05),"[  2.46963485   0.86688519   0.8139535    0.84122499   0.86933362
 117.66666667  22.33333333  57.33333333  17.66666667   0.44503558
   0.        ]","[2.16743164e-03 3.22663777e-04 1.87488801e-04 2.72757021e-04
 3.65103789e-05 1.08888889e+01 1.08888889e+01 3.75555556e+01
 2.22222222e-01 1.68083519e-04 0.00000000e+00]",0.813953488372093,0.7631337289456331,0.7178424223208624,0.7393057001296411,0.7631337289456331,0.8412249912249913,0.8021793600853122,"[[ 57  23]
 [ 18 117]]",0.8573643410852713,0.05244122965641942,0.710691823899371,-0.026548672566371678,0.01294627854502387,-0.10754017305315224,,1,-1
0.001,128,"(<class 'keras.src.optimizers.adamax.Adamax'>, {'beta_1': 0.85, 'beta_2': 0.95, 'epsilon': 1e-08, 'learning_rate': 0.001})",<class 'keras.src.optimizers.adamax.Adamax'>,"{'beta_1': 0.85, 'beta_2': 0.95, 'epsilon': 1e-08, 'learning_rate': 0.001}","(<class 'keras.src.losses.Poisson'>, {'reduction': 'auto'})",<class 'keras.src.losses.Poisson'>,{'reduction': 'auto'},"[(<class 'keras.src.metrics.confusion_metrics.AUC'>, {}), (<class 'keras.src.metrics.accuracy_metrics.BinaryAccuracy'>, {}), (<class 'keras.src.metrics.confusion_metrics.Precision'>, {}), (<class 'keras.src.metrics.confusion_metrics.Recall'>, {}), (<class 'keras.src.metrics.confusion_metrics.TruePositives'>, {}), (<class 'keras.src.metrics.confusion_metrics.FalsePositives'>, {}), (<class 'keras.src.metrics.confusion_metrics.TrueNegatives'>, {}), (<class 'keras.src.metrics.confusion_metrics.FalseNegatives'>, {}), (<class 'keras.src.metrics.probabilistic_metrics.BinaryCrossentropy'>, {}), (<class 'tensorflow_addons.metrics.matthews_correlation_coefficient.MatthewsCorrelationCoefficient'>, {'num_classes': 2})]",200,"[{'nodes': 256, 'activation': 'relu', 'l2_reg': 0.01, 'l1_reg': 0.0001}]",,False,,3,False,"{'enabled': True, 'contamination': 0.05, 'remove_outliers': True}",False,True,"{'method': <function step_decay_70_10 at 0x000001381AE25280>, 'description': 'Step Decay 70% every 10 epochs'}",False,,val_loss,<keras.src.engine.sequential.Sequential object at 0x000001379B6DACD0>,StandardScaler(),IsolationForest(contamination=0.05),"[  2.43524686   0.86801902   0.80775193   0.83167674   0.8720571
 118.          24.          55.66666667  17.33333333   0.44284309
   0.        ]","[2.52306052e-05 3.30533059e-04 4.66317811e-04 3.82017502e-04
 4.19650727e-05 2.66666667e+00 1.26666667e+01 3.88888889e+01
 1.55555556e+00 4.24695564e-04 0.00000000e+00]",0.8077519379844963,0.7603838718586026,0.6969403931515536,0.7270211390848859,0.7603838718586026,0.831676744771983,0.7960303083152928,"[[ 54  26]
 [ 17 118]]",0.8542635658914729,0.049001814882032646,0.7044025157232704,-0.035714285714285705,0.00664376458387347,-0.26341463414634153,,1,-1
0.001,128,"(<class 'keras.src.optimizers.adamax.Adamax'>, {'beta_1': 0.85, 'beta_2': 0.95, 'epsilon': 1e-08, 'learning_rate': 0.001})",<class 'keras.src.optimizers.adamax.Adamax'>,"{'beta_1': 0.85, 'beta_2': 0.95, 'epsilon': 1e-08, 'learning_rate': 0.001}","(<class 'keras.src.losses.Poisson'>, {'reduction': 'auto'})",<class 'keras.src.losses.Poisson'>,{'reduction': 'auto'},"[(<class 'keras.src.metrics.confusion_metrics.AUC'>, {}), (<class 'keras.src.metrics.accuracy_metrics.BinaryAccuracy'>, {}), (<class 'keras.src.metrics.confusion_metrics.Precision'>, {}), (<class 'keras.src.metrics.confusion_metrics.Recall'>, {}), (<class 'keras.src.metrics.confusion_metrics.TruePositives'>, {}), (<class 'keras.src.metrics.confusion_metrics.FalsePositives'>, {}), (<class 'keras.src.metrics.confusion_metrics.TrueNegatives'>, {}), (<class 'keras.src.metrics.confusion_metrics.FalseNegatives'>, {}), (<class 'keras.src.metrics.probabilistic_metrics.BinaryCrossentropy'>, {}), (<class 'tensorflow_addons.metrics.matthews_correlation_coefficient.MatthewsCorrelationCoefficient'>, {'num_classes': 2})]",200,"[{'nodes': 256, 'activation': 'relu', 'l2_reg': 0.01, 'l1_reg': 0.0001}]",,False,,3,False,"{'enabled': True, 'contamination': 0.05, 'remove_outliers': True}",False,True,"{'method': <function step_decay_70_10 at 0x000001381AE25280>, 'description': 'Step Decay 70% every 10 epochs'}",False,,val_loss,<keras.src.engine.sequential.Sequential object at 0x000001380C2AD970>,StandardScaler(),IsolationForest(contamination=0.05),"[  2.44696275   0.86783155   0.80155039   0.84055873   0.84485543
 114.33333333  21.66666667  58.          21.           0.43191814
   0.        ]","[1.34926077e-03 4.81506490e-04 5.96117925e-04 3.36178803e-04
 4.60647732e-04 1.35555556e+01 5.55555556e+00 1.26666667e+01
 8.66666667e+00 8.89069892e-04 0.00000000e+00]",0.8015503875968992,0.7340399610136452,0.7277927499471571,0.7308782627299957,0.7340399610136452,0.8405587304617335,0.7872993457376893,"[[ 55  25]
 [ 25 110]]",0.8480620155038759,0.042047531992687306,0.7044025157232704,-0.035714285714285705,0.0031666231392008005,-0.4742268041237156,,1,-1
0.001,128,"(<class 'keras.src.optimizers.adamax.Adamax'>, {'beta_1': 0.85, 'beta_2': 0.95, 'epsilon': 1e-08, 'learning_rate': 0.001})",<class 'keras.src.optimizers.adamax.Adamax'>,"{'beta_1': 0.85, 'beta_2': 0.95, 'epsilon': 1e-08, 'learning_rate': 0.001}","(<class 'keras.src.losses.Poisson'>, {'reduction': 'auto'})",<class 'keras.src.losses.Poisson'>,{'reduction': 'auto'},"[(<class 'keras.src.metrics.confusion_metrics.AUC'>, {}), (<class 'keras.src.metrics.accuracy_metrics.BinaryAccuracy'>, {}), (<class 'keras.src.metrics.confusion_metrics.Precision'>, {}), (<class 'keras.src.metrics.confusion_metrics.Recall'>, {}), (<class 'keras.src.metrics.confusion_metrics.TruePositives'>, {}), (<class 'keras.src.metrics.confusion_metrics.FalsePositives'>, {}), (<class 'keras.src.metrics.confusion_metrics.TrueNegatives'>, {}), (<class 'keras.src.metrics.confusion_metrics.FalseNegatives'>, {}), (<class 'keras.src.metrics.probabilistic_metrics.BinaryCrossentropy'>, {}), (<class 'tensorflow_addons.metrics.matthews_correlation_coefficient.MatthewsCorrelationCoefficient'>, {'num_classes': 2})]",200,"[{'nodes': 256, 'activation': 'relu', 'l2_reg': 0.01, 'l1_reg': 0.0001}]",,False,,3,False,"{'enabled': True, 'contamination': 0.05, 'remove_outliers': True}",False,True,"{'method': <function step_decay_70_10 at 0x000001381AE25280>, 'description': 'Step Decay 70% every 10 epochs'}",False,,val_loss,<keras.src.engine.sequential.Sequential object at 0x000001381F97AC70>,StandardScaler(),IsolationForest(contamination=0.05),"[  2.45184127   0.85662148   0.79224807   0.82881548   0.84505365
 114.33333333  23.66666667  56.          21.           0.46443972
   0.        ]","[4.67511789e-04 8.34740890e-04 4.95163170e-04 1.82576114e-04
 4.05536223e-04 6.22222222e+00 6.22222222e+00 2.86666667e+01
 8.66666667e+00 1.90719954e-03 0.00000000e+00]",0.7922480620155038,0.7262182251188015,0.7014082646374974,0.7133910998645298,0.7262182251188015,0.8288154814164472,0.7775168532676244,"[[ 57  23]
 [ 24 111]]",0.8527131782945736,0.047272727272727175,0.6918238993710691,-0.054545454545454536,-0.0036363636363636806,0.7090909090908989,,1,-1
0.001,128,"(<class 'keras.src.optimizers.adamax.Adamax'>, {'beta_1': 0.85, 'beta_2': 0.95, 'epsilon': 1e-08, 'learning_rate': 0.001})",<class 'keras.src.optimizers.adamax.Adamax'>,"{'beta_1': 0.85, 'beta_2': 0.95, 'epsilon': 1e-08, 'learning_rate': 0.001}","(<class 'keras.src.losses.Poisson'>, {'reduction': 'auto'})",<class 'keras.src.losses.Poisson'>,{'reduction': 'auto'},"[(<class 'keras.src.metrics.confusion_metrics.AUC'>, {}), (<class 'keras.src.metrics.accuracy_metrics.BinaryAccuracy'>, {}), (<class 'keras.src.metrics.confusion_metrics.Precision'>, {}), (<class 'keras.src.metrics.confusion_metrics.Recall'>, {}), (<class 'keras.src.metrics.confusion_metrics.TruePositives'>, {}), (<class 'keras.src.metrics.confusion_metrics.FalsePositives'>, {}), (<class 'keras.src.metrics.confusion_metrics.TrueNegatives'>, {}), (<class 'keras.src.metrics.confusion_metrics.FalseNegatives'>, {}), (<class 'keras.src.metrics.probabilistic_metrics.BinaryCrossentropy'>, {}), (<class 'tensorflow_addons.metrics.matthews_correlation_coefficient.MatthewsCorrelationCoefficient'>, {'num_classes': 2})]",200,"[{'nodes': 256, 'activation': 'relu', 'l2_reg': 0.01, 'l1_reg': 0.0001}]",,False,,3,False,"{'enabled': True, 'contamination': 0.05, 'remove_outliers': True}",False,True,"{'method': <function step_decay_70_10 at 0x000001381AE25280>, 'description': 'Step Decay 70% every 10 epochs'}",False,,val_loss,<keras.src.engine.sequential.Sequential object at 0x000001379F03F3D0>,StandardScaler(),IsolationForest(contamination=0.05),"[  2.44042007   0.84969942   0.79379845   0.81674113   0.86750033
 117.33333333  26.33333333  53.33333333  18.           0.46485137
   0.        ]","[3.73320422e-03 4.66215246e-04 5.96117925e-04 1.27028648e-04
 6.29735633e-04 1.55555556e+00 2.88888889e+00 1.75555556e+01
 1.40000000e+01 7.63114598e-04 0.00000000e+00]",0.7937984496124031,0.7473265519040168,0.6685267385330796,0.7055662370338721,0.7473265519040168,0.8167411292411293,0.7820338405725731,"[[ 52  28]
 [ 19 116]]",0.8465116279069768,0.04029304029304026,0.6792452830188679,-0.07407407407407406,-0.016890516890516898,0.17670682730923667,,1,-1
0.001,128,"(<class 'keras.src.optimizers.adamax.Adamax'>, {'beta_1': 0.85, 'beta_2': 0.95, 'epsilon': 1e-08, 'learning_rate': 0.001})",<class 'keras.src.optimizers.adamax.Adamax'>,"{'beta_1': 0.85, 'beta_2': 0.95, 'epsilon': 1e-08, 'learning_rate': 0.001}","(<class 'keras.src.losses.Poisson'>, {'reduction': 'auto'})",<class 'keras.src.losses.Poisson'>,{'reduction': 'auto'},"[(<class 'keras.src.metrics.confusion_metrics.AUC'>, {}), (<class 'keras.src.metrics.accuracy_metrics.BinaryAccuracy'>, {}), (<class 'keras.src.metrics.confusion_metrics.Precision'>, {}), (<class 'keras.src.metrics.confusion_metrics.Recall'>, {}), (<class 'keras.src.metrics.confusion_metrics.TruePositives'>, {}), (<class 'keras.src.metrics.confusion_metrics.FalsePositives'>, {}), (<class 'keras.src.metrics.confusion_metrics.TrueNegatives'>, {}), (<class 'keras.src.metrics.confusion_metrics.FalseNegatives'>, {}), (<class 'keras.src.metrics.probabilistic_metrics.BinaryCrossentropy'>, {}), (<class 'tensorflow_addons.metrics.matthews_correlation_coefficient.MatthewsCorrelationCoefficient'>, {'num_classes': 2})]",200,"[{'nodes': 256, 'activation': 'relu', 'l2_reg': 0.001, 'l1_reg': 0.1}]",,False,,3,False,"{'enabled': True, 'contamination': 0.05, 'remove_outliers': True}",False,True,"{'method': <function step_decay_70_10 at 0x000001381AE25280>, 'description': 'Step Decay 70% every 10 epochs'}",False,,val_loss,<keras.src.engine.sequential.Sequential object at 0x00000137971C5B20>,StandardScaler(),IsolationForest(contamination=0.05),"[ 16.76325226   0.74177615   0.73023254   0.75238456   0.85288739
 115.33333333  38.          41.66666667  20.           0.58315939
   0.        ]","[6.22783736e-02 2.74509591e-03 9.66288007e-04 1.93469658e-04
 1.52774801e-03 1.35555556e+01 8.66666667e+00 2.75555556e+01
 3.26666667e+01 1.72160317e-03 0.00000000e+00]",0.7302325581395349,0.677959077959078,0.5215678503487635,0.588210122693212,0.677959077959078,0.752384565147915,0.7151718215534965,"[[ 39  41]
 [ 15 120]]",0.8155038759689922,0.003802281368821191,0.6855345911949685,-0.06422018348623852,-0.030208951058708664,0.008083140877597922,,1,-1
0.001,128,"(<class 'keras.src.optimizers.adamax.Adamax'>, {'beta_1': 0.85, 'beta_2': 0.95, 'epsilon': 1e-08, 'learning_rate': 0.001})",<class 'keras.src.optimizers.adamax.Adamax'>,"{'beta_1': 0.85, 'beta_2': 0.95, 'epsilon': 1e-08, 'learning_rate': 0.001}","(<class 'keras.src.losses.Poisson'>, {'reduction': 'auto'})",<class 'keras.src.losses.Poisson'>,{'reduction': 'auto'},"[(<class 'keras.src.metrics.confusion_metrics.AUC'>, {}), (<class 'keras.src.metrics.accuracy_metrics.BinaryAccuracy'>, {}), (<class 'keras.src.metrics.confusion_metrics.Precision'>, {}), (<class 'keras.src.metrics.confusion_metrics.Recall'>, {}), (<class 'keras.src.metrics.confusion_metrics.TruePositives'>, {}), (<class 'keras.src.metrics.confusion_metrics.FalsePositives'>, {}), (<class 'keras.src.metrics.confusion_metrics.TrueNegatives'>, {}), (<class 'keras.src.metrics.confusion_metrics.FalseNegatives'>, {}), (<class 'keras.src.metrics.probabilistic_metrics.BinaryCrossentropy'>, {}), (<class 'tensorflow_addons.metrics.matthews_correlation_coefficient.MatthewsCorrelationCoefficient'>, {'num_classes': 2})]",200,"[{'nodes': 256, 'activation': 'relu', 'l2_reg': 0.001, 'l1_reg': 0.1}]",,False,,3,False,"{'enabled': True, 'contamination': 0.05, 'remove_outliers': True}",False,True,"{'method': <function step_decay_70_10 at 0x000001381AE25280>, 'description': 'Step Decay 70% every 10 epochs'}",False,,val_loss,<keras.src.engine.sequential.Sequential object at 0x0000013823BB5BE0>,StandardScaler(),IsolationForest(contamination=0.05),"[ 16.7335879    0.73466502   0.74728682   0.77272538   0.85298467
 115.33333333  34.33333333  45.33333333  20.           0.59239229
   0.        ]","[2.18279174e-02 2.02440866e-04 6.24965133e-05 1.11292098e-03
 1.31575480e-03 6.22222222e+00 4.95555556e+01 1.75555556e+01
 2.86666667e+01 1.91836278e-04 0.00000000e+00]",0.7472868217054263,0.6992377992377993,0.5716761783978017,0.6239750587576675,0.6992377992377993,0.7727253809706749,0.735981590104237,"[[ 44  36]
 [ 19 116]]",0.7829457364341085,-0.03762376237623775,0.6792452830188679,-0.07407407407407406,-0.055848918225155905,-0.04990151017728178,,1,-1
0.001,128,"(<class 'keras.src.optimizers.adamax.Adamax'>, {'beta_1': 0.85, 'beta_2': 0.95, 'epsilon': 1e-08, 'learning_rate': 0.001})",<class 'keras.src.optimizers.adamax.Adamax'>,"{'beta_1': 0.85, 'beta_2': 0.95, 'epsilon': 1e-08, 'learning_rate': 0.001}","(<class 'keras.src.losses.Poisson'>, {'reduction': 'auto'})",<class 'keras.src.losses.Poisson'>,{'reduction': 'auto'},"[(<class 'keras.src.metrics.confusion_metrics.AUC'>, {}), (<class 'keras.src.metrics.accuracy_metrics.BinaryAccuracy'>, {}), (<class 'keras.src.metrics.confusion_metrics.Precision'>, {}), (<class 'keras.src.metrics.confusion_metrics.Recall'>, {}), (<class 'keras.src.metrics.confusion_metrics.TruePositives'>, {}), (<class 'keras.src.metrics.confusion_metrics.FalsePositives'>, {}), (<class 'keras.src.metrics.confusion_metrics.TrueNegatives'>, {}), (<class 'keras.src.metrics.confusion_metrics.FalseNegatives'>, {}), (<class 'keras.src.metrics.probabilistic_metrics.BinaryCrossentropy'>, {}), (<class 'tensorflow_addons.metrics.matthews_correlation_coefficient.MatthewsCorrelationCoefficient'>, {'num_classes': 2})]",200,"[{'nodes': 256, 'activation': 'relu', 'l2_reg': 0.001, 'l1_reg': 0.1}]",,False,,3,False,"{'enabled': True, 'contamination': 0.05, 'remove_outliers': True}",False,True,"{'method': <function step_decay_70_10 at 0x000001381AE25280>, 'description': 'Step Decay 70% every 10 epochs'}",False,,val_loss,<keras.src.engine.sequential.Sequential object at 0x0000013803F9FC10>,StandardScaler(),IsolationForest(contamination=0.05),"[ 16.97944323   0.73505332   0.74108527   0.7461313    0.89123044
 120.66666667  41.          38.66666667  14.66666667   0.57443655
   0.        ]","[7.70215859e-02 3.09713103e-03 7.83606787e-04 5.71547689e-04
 1.03192111e-03 3.75555556e+01 1.26666667e+01 1.55555556e+00
 1.68888889e+01 2.13538073e-03 0.00000000e+00]",0.7410852713178295,0.7296639108154915,0.48623176918199107,0.5824525184622779,0.7296639108154915,0.7461312841747625,0.737897597495127,"[[ 37  43]
 [ 10 125]]",0.7782945736434108,-0.04382470119521923,0.6729559748427673,-0.08411214953271026,-0.06396842536396474,-0.05762514551804433,,1,-1
0.001,128,"(<class 'keras.src.optimizers.adamax.Adamax'>, {'beta_1': 0.85, 'beta_2': 0.95, 'epsilon': 1e-08, 'learning_rate': 0.001})",<class 'keras.src.optimizers.adamax.Adamax'>,"{'beta_1': 0.85, 'beta_2': 0.95, 'epsilon': 1e-08, 'learning_rate': 0.001}","(<class 'keras.src.losses.Poisson'>, {'reduction': 'auto'})",<class 'keras.src.losses.Poisson'>,{'reduction': 'auto'},"[(<class 'keras.src.metrics.confusion_metrics.AUC'>, {}), (<class 'keras.src.metrics.accuracy_metrics.BinaryAccuracy'>, {}), (<class 'keras.src.metrics.confusion_metrics.Precision'>, {}), (<class 'keras.src.metrics.confusion_metrics.Recall'>, {}), (<class 'keras.src.metrics.confusion_metrics.TruePositives'>, {}), (<class 'keras.src.metrics.confusion_metrics.FalsePositives'>, {}), (<class 'keras.src.metrics.confusion_metrics.TrueNegatives'>, {}), (<class 'keras.src.metrics.confusion_metrics.FalseNegatives'>, {}), (<class 'keras.src.metrics.probabilistic_metrics.BinaryCrossentropy'>, {}), (<class 'tensorflow_addons.metrics.matthews_correlation_coefficient.MatthewsCorrelationCoefficient'>, {'num_classes': 2})]",200,"[{'nodes': 256, 'activation': 'relu', 'l2_reg': 0.001, 'l1_reg': 0.1}]",,False,,3,False,"{'enabled': True, 'contamination': 0.05, 'remove_outliers': True}",False,True,"{'method': <function step_decay_70_10 at 0x000001381AE25280>, 'description': 'Step Decay 70% every 10 epochs'}",False,,val_loss,<keras.src.engine.sequential.Sequential object at 0x00000137978D5D60>,StandardScaler(),IsolationForest(contamination=0.05),"[ 16.30651697   0.77439068   0.7379845    0.76935591   0.83479923
 113.          34.          45.66666667  22.33333333   0.55299109
   0.        ]","[1.90173294e-01 5.91963915e-04 9.13407024e-05 3.63473143e-04
 3.94557679e-04 1.80000000e+01 1.80000000e+01 2.42222222e+01
 6.22222222e+00 7.14290681e-05 0.00000000e+00]",0.737984496124031,0.6716851609673146,0.57287042908476,0.6168465227817745,0.6716851609673146,0.7693559028962755,0.7205205319317951,"[[ 40  40]
 [ 19 116]]",0.772093023255814,-0.052208835341365493,0.6729559748427673,-0.08411214953271026,-0.06816049243703788,-0.06442731277533041,,1,-1
0.001,128,"(<class 'keras.src.optimizers.adamax.Adamax'>, {'beta_1': 0.85, 'beta_2': 0.95, 'epsilon': 1e-08, 'learning_rate': 0.001})",<class 'keras.src.optimizers.adamax.Adamax'>,"{'beta_1': 0.85, 'beta_2': 0.95, 'epsilon': 1e-08, 'learning_rate': 0.001}","(<class 'keras.src.losses.Poisson'>, {'reduction': 'auto'})",<class 'keras.src.losses.Poisson'>,{'reduction': 'auto'},"[(<class 'keras.src.metrics.confusion_metrics.AUC'>, {}), (<class 'keras.src.metrics.accuracy_metrics.BinaryAccuracy'>, {}), (<class 'keras.src.metrics.confusion_metrics.Precision'>, {}), (<class 'keras.src.metrics.confusion_metrics.Recall'>, {}), (<class 'keras.src.metrics.confusion_metrics.TruePositives'>, {}), (<class 'keras.src.metrics.confusion_metrics.FalsePositives'>, {}), (<class 'keras.src.metrics.confusion_metrics.TrueNegatives'>, {}), (<class 'keras.src.metrics.confusion_metrics.FalseNegatives'>, {}), (<class 'keras.src.metrics.probabilistic_metrics.BinaryCrossentropy'>, {}), (<class 'tensorflow_addons.metrics.matthews_correlation_coefficient.MatthewsCorrelationCoefficient'>, {'num_classes': 2})]",200,"[{'nodes': 256, 'activation': 'relu', 'l2_reg': 0.001, 'l1_reg': 0.1}]",,False,,3,False,"{'enabled': True, 'contamination': 0.05, 'remove_outliers': True}",False,True,"{'method': <function step_decay_70_10 at 0x000001381AE25280>, 'description': 'Step Decay 70% every 10 epochs'}",False,,val_loss,<keras.src.engine.sequential.Sequential object at 0x000001379E4962E0>,StandardScaler(),IsolationForest(contamination=0.05),"[ 16.62196096   0.75453766   0.74418604   0.75951135   0.87015277
 117.66666667  37.33333333  42.33333333  17.66666667   0.57129133
   0.        ]","[1.32105534e-01 4.66799883e-03 9.66288007e-04 4.49437720e-04
 1.18367514e-03 5.55555556e+00 1.62222222e+01 2.02222222e+01
 2.48888889e+01 1.78185736e-03 0.00000000e+00]",0.7441860465116279,0.7068091513006767,0.5311482773198056,0.605306221979352,0.7068091513006767,0.7595113691340106,0.7331602602173437,"[[ 37  43]
 [ 19 116]]",0.7705426356589147,-0.054325955734406566,0.6729559748427673,-0.08411214953271026,-0.06921905263355842,-0.06601466992665045,,1,-1
0.001,128,"(<class 'keras.src.optimizers.adamax.Adamax'>, {'beta_1': 0.85, 'beta_2': 0.95, 'epsilon': 1e-08, 'learning_rate': 0.001})",<class 'keras.src.optimizers.adamax.Adamax'>,"{'beta_1': 0.85, 'beta_2': 0.95, 'epsilon': 1e-08, 'learning_rate': 0.001}","(<class 'keras.src.losses.Poisson'>, {'reduction': 'auto'})",<class 'keras.src.losses.Poisson'>,{'reduction': 'auto'},"[(<class 'keras.src.metrics.confusion_metrics.AUC'>, {}), (<class 'keras.src.metrics.accuracy_metrics.BinaryAccuracy'>, {}), (<class 'keras.src.metrics.confusion_metrics.Precision'>, {}), (<class 'keras.src.metrics.confusion_metrics.Recall'>, {}), (<class 'keras.src.metrics.confusion_metrics.TruePositives'>, {}), (<class 'keras.src.metrics.confusion_metrics.FalsePositives'>, {}), (<class 'keras.src.metrics.confusion_metrics.TrueNegatives'>, {}), (<class 'keras.src.metrics.confusion_metrics.FalseNegatives'>, {}), (<class 'keras.src.metrics.probabilistic_metrics.BinaryCrossentropy'>, {}), (<class 'tensorflow_addons.metrics.matthews_correlation_coefficient.MatthewsCorrelationCoefficient'>, {'num_classes': 2})]",200,"[{'nodes': 256, 'activation': 'relu', 'l2_reg': 0.001, 'l1_reg': 0.1}]",,False,,3,False,"{'enabled': True, 'contamination': 0.05, 'remove_outliers': True}",False,True,"{'method': <function step_decay_70_10 at 0x000001381AE25280>, 'description': 'Step Decay 70% every 10 epochs'}",False,,val_loss,<keras.src.engine.sequential.Sequential object at 0x000001380FCFC400>,StandardScaler(),IsolationForest(contamination=0.05),"[ 16.80474472   0.71031328   0.71627907   0.74057412   0.84787806
 114.66666667  40.33333333  39.33333333  20.66666667   0.6225693
   0.        ]","[1.16449909e-02 2.11383112e-04 1.44221870e-05 4.01158731e-04
 8.90603686e-04 4.22222222e+00 2.15555556e+01 3.55555556e+00
 2.02222222e+01 9.07356335e-04 0.00000000e+00]",0.7162790697674418,0.6593920572181442,0.49515430141619116,0.5629528373068369,0.6593920572181442,0.7405741147583355,0.6999830859882399,"[[ 38  42]
 [ 18 117]]",0.7627906976744186,-0.06504065040650406,0.6666666666666666,-0.09433962264150941,-0.07969013652400674,-0.07699711260827717,,1,-1
0.001,128,"(<class 'keras.src.optimizers.adamax.Adamax'>, {'beta_1': 0.85, 'beta_2': 0.95, 'epsilon': 1e-08, 'learning_rate': 0.001})",<class 'keras.src.optimizers.adamax.Adamax'>,"{'beta_1': 0.85, 'beta_2': 0.95, 'epsilon': 1e-08, 'learning_rate': 0.001}","(<class 'keras.src.losses.Poisson'>, {'reduction': 'auto'})",<class 'keras.src.losses.Poisson'>,{'reduction': 'auto'},"[(<class 'keras.src.metrics.confusion_metrics.AUC'>, {}), (<class 'keras.src.metrics.accuracy_metrics.BinaryAccuracy'>, {}), (<class 'keras.src.metrics.confusion_metrics.Precision'>, {}), (<class 'keras.src.metrics.confusion_metrics.Recall'>, {}), (<class 'keras.src.metrics.confusion_metrics.TruePositives'>, {}), (<class 'keras.src.metrics.confusion_metrics.FalsePositives'>, {}), (<class 'keras.src.metrics.confusion_metrics.TrueNegatives'>, {}), (<class 'keras.src.metrics.confusion_metrics.FalseNegatives'>, {}), (<class 'keras.src.metrics.probabilistic_metrics.BinaryCrossentropy'>, {}), (<class 'tensorflow_addons.metrics.matthews_correlation_coefficient.MatthewsCorrelationCoefficient'>, {'num_classes': 2})]",200,"[{'nodes': 256, 'activation': 'relu', 'l2_reg': 0.001, 'l1_reg': 0.1}]",,False,,3,False,"{'enabled': True, 'contamination': 0.05, 'remove_outliers': True}",False,True,"{'method': <function step_decay_70_10 at 0x000001381AE25280>, 'description': 'Step Decay 70% every 10 epochs'}",False,,val_loss,<keras.src.engine.sequential.Sequential object at 0x00000138241A27C0>,StandardScaler(),IsolationForest(contamination=0.05),"[ 16.88423856   0.70453238   0.72713178   0.73980689   0.87490773
 118.33333333  41.66666667  38.          17.           0.62218968
   0.        ]","[1.91677261e-01 1.03550233e-03 3.65362933e-04 1.82274433e-04
 6.17384963e-04 8.88888889e-01 8.22222222e+00 1.06666667e+01
 1.40000000e+01 3.58921536e-04 0.00000000e+00]",0.7271317829457365,0.6921262757976754,0.47673324878461215,0.5636704488099685,0.6921262757976754,0.7398068653802751,0.7159665705889753,"[[ 42  38]
 [ 16 119]]",0.7937984496124031,-0.02343750000000007,0.6415094339622641,-0.1372549019607843,-0.08034620098039219,-0.04003813155386091,,1,-1
0.001,128,"(<class 'keras.src.optimizers.adamax.Adamax'>, {'beta_1': 0.85, 'beta_2': 0.95, 'epsilon': 1e-08, 'learning_rate': 0.001})",<class 'keras.src.optimizers.adamax.Adamax'>,"{'beta_1': 0.85, 'beta_2': 0.95, 'epsilon': 1e-08, 'learning_rate': 0.001}","(<class 'keras.src.losses.Poisson'>, {'reduction': 'auto'})",<class 'keras.src.losses.Poisson'>,{'reduction': 'auto'},"[(<class 'keras.src.metrics.confusion_metrics.AUC'>, {}), (<class 'keras.src.metrics.accuracy_metrics.BinaryAccuracy'>, {}), (<class 'keras.src.metrics.confusion_metrics.Precision'>, {}), (<class 'keras.src.metrics.confusion_metrics.Recall'>, {}), (<class 'keras.src.metrics.confusion_metrics.TruePositives'>, {}), (<class 'keras.src.metrics.confusion_metrics.FalsePositives'>, {}), (<class 'keras.src.metrics.confusion_metrics.TrueNegatives'>, {}), (<class 'keras.src.metrics.confusion_metrics.FalseNegatives'>, {}), (<class 'keras.src.metrics.probabilistic_metrics.BinaryCrossentropy'>, {}), (<class 'tensorflow_addons.metrics.matthews_correlation_coefficient.MatthewsCorrelationCoefficient'>, {'num_classes': 2})]",200,"[{'nodes': 256, 'activation': 'relu', 'l2_reg': 0.001, 'l1_reg': 0.1}]",,False,,3,False,"{'enabled': True, 'contamination': 0.05, 'remove_outliers': True}",False,True,"{'method': <function step_decay_70_10 at 0x000001381AE25280>, 'description': 'Step Decay 70% every 10 epochs'}",False,,val_loss,<keras.src.engine.sequential.Sequential object at 0x00000137956DA9D0>,StandardScaler(),IsolationForest(contamination=0.05),"[ 16.37557189   0.77092884   0.76124032   0.76484283   0.89896325
 121.66666667  37.66666667  42.          13.66666667   0.54760124
   0.        ]","[4.27965757e-01 7.14919636e-04 1.34607079e-04 6.16591803e-04
 1.63429859e-03 3.75555556e+01 3.88888889e+01 3.26666667e+01
 2.95555556e+01 2.14738856e-04 0.00000000e+00]",0.7612403100775192,0.7662944582299421,0.5277901077996195,0.6179919049484267,0.7662944582299421,0.7648428260192967,0.7655686421246194,"[[ 34  46]
 [  6 129]]",0.7751937984496124,-0.047999999999999994,0.6540880503144654,-0.11538461538461536,-0.08169230769230768,-0.06779661016949151,,1,-1
0.001,128,"(<class 'keras.src.optimizers.adamax.Adamax'>, {'beta_1': 0.85, 'beta_2': 0.95, 'epsilon': 1e-08, 'learning_rate': 0.001})",<class 'keras.src.optimizers.adamax.Adamax'>,"{'beta_1': 0.85, 'beta_2': 0.95, 'epsilon': 1e-08, 'learning_rate': 0.001}","(<class 'keras.src.losses.Poisson'>, {'reduction': 'auto'})",<class 'keras.src.losses.Poisson'>,{'reduction': 'auto'},"[(<class 'keras.src.metrics.confusion_metrics.AUC'>, {}), (<class 'keras.src.metrics.accuracy_metrics.BinaryAccuracy'>, {}), (<class 'keras.src.metrics.confusion_metrics.Precision'>, {}), (<class 'keras.src.metrics.confusion_metrics.Recall'>, {}), (<class 'keras.src.metrics.confusion_metrics.TruePositives'>, {}), (<class 'keras.src.metrics.confusion_metrics.FalsePositives'>, {}), (<class 'keras.src.metrics.confusion_metrics.TrueNegatives'>, {}), (<class 'keras.src.metrics.confusion_metrics.FalseNegatives'>, {}), (<class 'keras.src.metrics.probabilistic_metrics.BinaryCrossentropy'>, {}), (<class 'tensorflow_addons.metrics.matthews_correlation_coefficient.MatthewsCorrelationCoefficient'>, {'num_classes': 2})]",200,"[{'nodes': 256, 'activation': 'relu', 'l2_reg': 0.001, 'l1_reg': 0.1}]",,False,,3,False,"{'enabled': True, 'contamination': 0.05, 'remove_outliers': True}",False,True,"{'method': <function step_decay_70_10 at 0x000001381AE25280>, 'description': 'Step Decay 70% every 10 epochs'}",False,,val_loss,<keras.src.engine.sequential.Sequential object at 0x000001381AEE4880>,StandardScaler(),IsolationForest(contamination=0.05),"[ 16.80840874   0.74353878   0.74263567   0.76149086   0.85924391
 116.33333333  36.33333333  43.33333333  19.           0.61664067
   0.        ]","[1.53488716e-02 5.01927595e-04 1.18743018e-03 5.58031613e-04
 1.19872381e-03 4.02222222e+01 8.22222222e+00 8.22222222e+00
 2.06666667e+01 8.36961532e-04 0.00000000e+00]",0.7426356589147286,0.6976158344579396,0.5440181779750581,0.6111586048065176,0.6976158344579396,0.7614908579465541,0.7295533462022469,"[[ 40  40]
 [ 25 110]]",0.7767441860465116,-0.045908183632734585,0.6415094339622641,-0.1372549019607843,-0.09158154279675944,-0.06880341880341886,,1,-1
0.001,128,"(<class 'keras.src.optimizers.adamax.Adamax'>, {'beta_1': 0.85, 'beta_2': 0.95, 'epsilon': 1e-08, 'learning_rate': 0.001})",<class 'keras.src.optimizers.adamax.Adamax'>,"{'beta_1': 0.85, 'beta_2': 0.95, 'epsilon': 1e-08, 'learning_rate': 0.001}","(<class 'keras.src.losses.Poisson'>, {'reduction': 'auto'})",<class 'keras.src.losses.Poisson'>,{'reduction': 'auto'},"[(<class 'keras.src.metrics.confusion_metrics.AUC'>, {}), (<class 'keras.src.metrics.accuracy_metrics.BinaryAccuracy'>, {}), (<class 'keras.src.metrics.confusion_metrics.Precision'>, {}), (<class 'keras.src.metrics.confusion_metrics.Recall'>, {}), (<class 'keras.src.metrics.confusion_metrics.TruePositives'>, {}), (<class 'keras.src.metrics.confusion_metrics.FalsePositives'>, {}), (<class 'keras.src.metrics.confusion_metrics.TrueNegatives'>, {}), (<class 'keras.src.metrics.confusion_metrics.FalseNegatives'>, {}), (<class 'keras.src.metrics.probabilistic_metrics.BinaryCrossentropy'>, {}), (<class 'tensorflow_addons.metrics.matthews_correlation_coefficient.MatthewsCorrelationCoefficient'>, {'num_classes': 2})]",200,"[{'nodes': 256, 'activation': 'relu', 'l2_reg': 0.001, 'l1_reg': 0.1}]",,False,,3,False,"{'enabled': True, 'contamination': 0.05, 'remove_outliers': True}",False,True,"{'method': <function step_decay_70_10 at 0x000001381AE25280>, 'description': 'Step Decay 70% every 10 epochs'}",False,,val_loss,<keras.src.engine.sequential.Sequential object at 0x000001379BDF5A90>,StandardScaler(),IsolationForest(contamination=0.05),"[ 16.43724887   0.71708783   0.72713178   0.73646633   0.88128287
 119.33333333  42.66666667  37.          16.           0.59381199
   0.        ]","[8.85787287e-02 8.52653513e-04 6.24960820e-05 1.39911922e-05
 5.89398322e-04 3.28888889e+01 1.55555556e+00 1.66666667e+01
 8.66666667e+00 6.14440801e-04 0.00000000e+00]",0.7271317829457365,0.7000229758294275,0.46319224265482983,0.5562806750894524,0.7000229758294275,0.7364663111324967,0.7182446434809622,"[[ 37  43]
 [ 15 120]]",0.7906976744186046,-0.02745098039215697,0.6163522012578616,-0.18367346938775506,-0.10556222488995601,-0.04776345716451874,,1,-1
